{
  "feature_names": [
    "http_request_rate",
    "error_rate",
    "p99_latency",
    "cpu_usage",
    "memory_usage",
    "active_connections"
  ],
  "feature_means": [
    23.731298666599873,
    0.010901717912868024,
    135.72730091072006,
    0.16228196541774823,
    151.92760250859502,
    14.045556240613347
  ],
  "feature_stds": [
    16.33919094574003,
    0.015121240904888086,
    116.90971611033767,
    0.08742002690169495,
    41.98021861156241,
    10.394963807579925
  ]
}