{
  "threshold": 0.5255193933844566,
  "mean_error": 0.034691981971263885,
  "std_error": 0.24541370570659637,
  "seq_length": 10
}