{
  "feature_names": [
    "http_request_rate",
    "error_rate",
    "p99_latency",
    "cpu_usage",
    "memory_usage",
    "active_connections"
  ],
  "feature_means": [
    23.769393521041717,
    0.011188185234702035,
    135.42945102242274,
    0.1626484021433345,
    152.3143133944704,
    13.921474242333382
  ],
  "feature_stds": [
    16.35060680629746,
    0.018583036048410863,
    110.90034224472399,
    0.08791762619337887,
    42.20410944060589,
    10.295430692011687
  ]
}