{
  "threshold": 1.122201293706894,
  "mean_error": 0.05492636561393738,
  "std_error": 0.5336374640464783,
  "seq_length": 10
}